Full_Name,phone
Sheila cruise,233265267710
Marilyn Gyan,233269783806
Frank Quartey-Simpson,233275528519
louisa Darkwah,233267587602
Florence Quarshie,233269340638
Ray Orleans,233272329744
Dedeli Patamia,233572947570
Emmanuel kwarteng,233277410790
Akuba A-M,233266450824
Immanuel boama,233262755817
Maxwell Awudi,233266341028
Bismark Asiedu,233574255290
kwame nana,233278217657
Bijoux Kufuor,233266584557
Linda Adjei,233264904933
Suzzie Magnus George,233264449211
Kalira Tanlongo,233264318119
Eyra Nyadodui,233276094142
Patrick Bonful,233262511613
Efua Anaman,233577553095
Akyaa Ampofo,233267604819
roy Ansah,233265336162
Judith Kyei,233272776320
Magdalene Quaye,233266127092
Dinnese Aryeequaye,233268563632
Moria Amenyaglo,233262013328
posh by veee,233243518804
Kwesi Manju,233272312215
Alima Anaafi,233269453666
benjamin zan,233268800796
Amigo Reloaded,233273460429
Nana Yaa Baffoe,233277552087
Mish Dee,233277390039
ella appiah,233271414050
Pamella laaro,233572934998
Ms. Duncan,233262067711
Comfort Ashong,233266666020
betty vanderpuye,233276990470
celly Akosua,233576301415
Angela Yahaya,233266000183
Huda Muh’d,233572009357
Gerald yeboa,233271854413
Julia Ababio,233269290730
Tal Law,233275348210
Higund Samuels,233560580385
Alex Baah,233572689428
Thomas wilson,233273698268
bill kobbe,233575610755
Baba seidu,233264693999
Isaac Ofosuhene,233269773597
Philicity Yeboah,233266000632
Maame Asamoah Gyadu,233261108894
Angela wiafe,233266259045
ben Benny,233574256436
Joseph Samo  Kolleh,233274440048
King Alex,233575281395
Jada freeman,233269423358
Efya Roxie,233574467510
Victoria Obeng,233272559990
Kramah Andor,233270682594
Albert Ativor,233266666566
Tony Takyi,233573892637
fafa kpor,233577872622
abraham Acquah,233270033351
DANIEL QUARTEY,233262984107
Prince Samuel,233575311857
Henry Lamptey,233270515320
Trixy Andoh,233576723060
Abeku Benwilson,233261577520
Kenneth Asante,233268577841
maame serwaah,233264269239
Alfreda Tagoe,233271708315
victor mensah,233265366676
Geoffrey Adanusa,233268160540
Pencil Gram,233264270213
ROBERT ARYEETEY,233274864211
Ebenezer Asare,233268086792
Bernard Iddris,233574513116
Ayanda Appiah,233275153887
Ida Amarquaye,233264287822
jade korasare,233263839667
Sheila Cornelius,233266200438
Kif B,233267215183
Maame Afua,233267679482
Nadia saeed,233245604054
Ewurama Wiafe,233270597438
mimi acheampong,233560026040
Anita Naa,233561573783
Steffy Davies,233271676911
Kwasi Asiedu Mensah,233274091726
Christine Oti Kyem,233269587774
Leslie Kitson-Mills,233575594842
Benardette Oppong Siaw,233570772230
Nana Bonsu,233265558986
Selase Wilson,233269015855
Adwoa Owusu-Manu,233276007979
Emmanuel Asiedu,233267054961
Noel Dosu,233577880164
fiifi yeboah,233271574360
Helena Ameyaw Buanya,233266129213
Kingsley Odoi,233270006396
don Kizi akudago,233264640301
Anthea Yeboah,233572243372
Brandon Kissi Dankwa,233265299458
Richard Afiamoah,233267017955
Samuel osafo,233560021887
Nancie Amanfu,233274392668
Linda Debrah Arthur,233573090181
Joan Nana Tuffour,233265321659
Joe Daneric,233574553691
Kathleen Bruce,233267333701
Fafa’s collection,233261177779
Esther Amoah,233578088983
Emmanuel Annan,233260541740
Emmie Eto,233273151010
Tatas Caritas,233578456112
Baaba Bruce-Smith,233260810357
Alia Baitie,233572020600
William Pratt,233265504686
Brianna Quaigraine,233208158158
smart Moni,233262979235
Regina Pepra,233269683760
Maame Akua,233268438122
Deborah Park,233275683806
Kwame Boakye,233274000402
marwan Ismaila,233275182720
sbmholisticfarmcy ghana,233270535577
Stefan Asare,233561508475
Rajeev Bhardwaj,233267089194
Christian Hammond,233570777172
Nana Banin,233266257552
kevin osei,233269461377
Patience Darko,233576677433
Freda Adwoa,233269783366
Andre So,233267157879
isaac apenteng,233278155757
nana araba Eshun,233266798582
Edna Addai,233264389407
salma Pratt,233269674681
Manny Gyapong,233278951388
Cassandra Turkson,233277554051
osiabour OKYERE paul,233573125194
Ruhulhives Kamso,233268609687
Blessing Ngozi,233560594161
Tasha Pappoe,233266000573
Nana Aba Thompson,233277141946
Najeeb Ayinde,233274778621
Kuukuwa Ampah,233577772217
Mamaa Paintsil,233248510327
Rejoice Ntumy,233273684838
Sweetie Aris,233575756666
Dilys Asantey,233573126022
Dzifa Cudjoe,233261582474
Mary Animwaa,233274675014
Qwasi Appa,233230636161
Lady-Omega Hammond,233262916369
sonny quartey,233270231010
Lulu Esther,233573222275
sabina Lartey,233261566804
Michael Selasi,233277600888
Francis Brenyah,233270262804
Albert Addo,233574033964
Equi Equi,233241275420
Jules Fritzal,233262241067
Edudzi Nyomi,233267663397
Seyram Addom,233266798338
Makafui Aklasu,233269934248
Abdul mumin yusif,233264456999
Dave Nelson,233242871976
Kingsley Addai,233277552103
Simon Tofah,233266805001
last Barrier,233573461401
Boatemaa Ntim,233572102252
Carl Koblavie,233264139649
Felix Nii,233574251271
Nana S,233267762145
Benny Randy,233276105842
Naa Nyankerh,233263310467
bless adeni,233266646758
Nicholas Okine,233276330077
Victoria Brakohiapa,233577551055
Jennifer Owusu,233274407593
Daniel Fofie,233267505050
Derek bills,233560247996
Claudia Amfo,233277207519
Anastasia Sarkodie Manu,233267683550
Priscilla Yankey,233275354225
Ewaroyal Style Ewaroyal Style,233263122040
Randy Walker,233263220635
Ewurabena Ampofo-Tenkorang,233264968349
Derby yyyyyy,233273443693
Bismark Ambrose,233267252643
Ema Turkson,233261667154
Mohammed Hamdan,233265923818
narh Justina,233573817794
korang Albert,233266213959
Naa Dromo,233270009025
Elizabeth Abayateye,233246840155
Daniella Marfo,233268195517
Chukwudi Tony,233570502525
Anthony Koomson,233269910012
Nathaniel Eyifa,233267716222
Eugene Masiku,233574845287
Abdul Razak,233267899097
Charles Amaah,233265403861
Frederick Dankyi,233277708995
ivy D,233265171568
jewel kingbrown,233269805668
Frema kusi Appiah,233263517407
Linda Allotey,233573946289
Miriam Kodi,233272246784
Dorcas Doe,233266459254
nyliram Monroe,233266579645
Kplom Fiagome,233277554080
Yvonne Martey,233276437397
barima Effah,233268350007
Akosua Aniwah,233571675841
Sandra Asante,233265485557
princess Teku,233278448558
Nana Yaa Boateng,233269819626
Sean Thompson,233272858982
Akpene Galley,233262305851
Abena Prempeh,233572730845
Immanuella Asabea,233264779999
Isaac Adams,233574607825
Ezekiel Essel Shaq,233269619490
Angela kotey,233572716802
ama baby,233270120030
Khendhill abbey,233548521262
Trish Abalori,233263705682
sharon Ocquaye,233264233384
renee ofori,233570464256
Naomi Mawuyram,233263040817
Yvonne Darko,233262591999
Benjamin ayeh,233263523754
Nii Nortey Quist,233266262066
Emma Akwa,233268006699
Lydia Ayorkor,233576338540
Samuel cepi,233274713697
Alvin Taylor,233573946326
Felix Oppong,233576366889
Christabel Mbir,233263438397
Benedict Agyarkwa,233271103986
Alex Lartey,233577553051
Judah Emenz,233277551836
Erikkson Willimeg,233266000449
Vivian Mensah-Newton,233277551976
Maya Quansah,233571139423
Stephanie Desouza,233266000997
Samuel Mensah,233573946288
Fatawu Issah,233577553034
Sire Freno,233264945454
Ekua Agyeiwaa,233577108410
Selim Clifford,233277555001
Ernest Gyimah,233277551920
samuel asare,233277550707
A. Shesh Abdulai,233277552272
Abednego Ababio,233262590834
Ronny Anim,233577551143
Stanley Quaye,233262591693
Edmund Nathan,233577553198
Kwabena Anaafi-Gyarteng,233277554252
Precious Baidoo,233264296366
Stanley Popiir Kumbol,233266000270
kwame Nkrumah,233560000225
Adabanka Agyemang,233575742089
Nana Ama,233577555009
Suraj Monney,233577555015
Maame Adwoa Amuah,233271812183
Emmanuel Essien,233576120457
Enoch Ablorh,233262590836
joseph Jackson,233262591892
Juliana Anang,233270715531
Marcus Deku,233277551398
Regina Ofori,233266000267
okailey Tetteh,233577551142
Ben Godzi,233261121677
Justin Johnson,233277553035
vanisa Ofosu Kwarteng,233570990778
Samuel kyere,233577224066
Portia Gordon,233571139405
Daavi Ama,233577671095
Akosua Agyeiwaa,233264699328
nana akua,233261041857
sylvia ashong,233277014180
Rosemary Dakpo,233271812232
Laura Torks,233262591549
Emmanuel Boakye Ansah,233271159023
jay kay,233279783227
Gina Yeboah,233575690285
Rachel Osae,233571977765
yaw Ntow,233560753240
Edna Saah,233576531407
Joachim Quaye,233271320364
Jennifer Karl,233269347529
Gloria Barnes,233261484358
Hakim Ibrahim,233269103912
Asfa Touré ALFA MOHAMED,233578466129
Abdoulaye Imorou,233276722064
Kofi Somuah-Boateng,233267255510
Nana Kwesi Enu,233573767607
Dickson Paddy,233272659515
Nana Akyaa,233268745335
Beyeeman Godfred,233261484165
Stephen Zoroaster Adjei,233277551027
Moses Ayeh,233235318642
Kwadwo Safo,233275226558
